[
  {
    "id": 0,
    "hologramHeight": 0.0,
    "skin": "",
    "signature": "",
    "skinName": "Steve",
    "location": {
      "world": "world",
      "x": 29.5,
      "y": 86.0,
      "z": -63.5,
      "yaw": -0.8067627,
      "pitch": 1.2741784
    },
    "npcType": "VILLAGER",
    "hologramLines": [
      "&2&lPROTECCIONES"
    ],
    "refreshSkinDuration": 0,
    "clickActions": [
      {
        "actionType": "CMD",
        "clickType": "DEFAULT",
        "action": "cpanel protecciones",
        "delay": 0
      }
    ],
    "npcEquip": {},
    "npcFunctions": {
      "holo": true,
      "look": true
    },
    "customizationMap": {}
  },
  {
    "id": 1,
    "hologramHeight": 0.0,
    "skin": "",
    "signature": "",
    "skinName": "Steve",
    "location": {
      "world": "world",
      "x": 29.5,
      "y": 87.0,
      "z": -51.5,
      "yaw": -178.36249,
      "pitch": 0.34890002
    },
    "npcType": "VILLAGER",
    "hologramLines": [
      "&c&lREGLAS"
    ],
    "refreshSkinDuration": 0,
    "clickActions": [
      {
        "actionType": "CMD",
        "clickType": "DEFAULT",
        "action": "cpanel reglas",
        "delay": 0
      }
    ],
    "npcEquip": {},
    "npcFunctions": {
      "holo": true,
      "look": true
    },
    "customizationMap": {}
  },
  {
    "id": 2,
    "hologramHeight": 0.0,
    "skin": "",
    "signature": "",
    "skinName": "Steve",
    "location": {
      "world": "world",
      "x": 40.5,
      "y": 86.0,
      "z": -51.5,
      "yaw": 179.78687,
      "pitch": -7.1562824
    },
    "npcType": "VILLAGER",
    "hologramLines": [
      "&5&lRANGOS"
    ],
    "refreshSkinDuration": 0,
    "clickActions": [
      {
        "actionType": "CMD",
        "clickType": "DEFAULT",
        "action": "cpanel rangos",
        "delay": 0
      }
    ],
    "npcEquip": {},
    "npcFunctions": {
      "holo": true,
      "look": true
    },
    "customizationMap": {}
  },
  {
    "id": 3,
    "hologramHeight": 0.0,
    "skin": "",
    "signature": "",
    "skinName": "Steve",
    "location": {
      "world": "world",
      "x": 19.5,
      "y": 88.5,
      "z": -50.5,
      "yaw": 0.33846202,
      "pitch": 9.70468
    },
    "npcType": "ENDERMAN",
    "hologramLines": [
      "&c&l"
    ],
    "refreshSkinDuration": 0,
    "clickActions": [],
    "npcEquip": {},
    "npcFunctions": {
      "holo": true,
      "look": true
    },
    "customizationMap": {}
  },
  {
    "id": 4,
    "hologramHeight": 0.0,
    "skin": "",
    "signature": "",
    "skinName": "Steve",
    "location": {
      "world": "world",
      "x": 8.5,
      "y": 88.5,
      "z": -50.5,
      "yaw": 175.1168,
      "pitch": -14.455796
    },
    "npcType": "ENDERMAN",
    "hologramLines": [
      "&c&l"
    ],
    "refreshSkinDuration": 0,
    "clickActions": [],
    "npcEquip": {},
    "npcFunctions": {
      "holo": true,
      "look": true
    },
    "customizationMap": {}
  },
  {
    "id": 5,
    "hologramHeight": 0.0,
    "skin": "",
    "signature": "",
    "skinName": "Steve",
    "conversation": {
      "conversationName": "prox",
      "conversationType": "CLICK"
    },
    "location": {
      "world": "world",
      "x": 41.5,
      "y": 88.0,
      "z": -65.5,
      "yaw": 0.30749512,
      "pitch": 4.4614487
    },
    "npcType": "AXOLOTL",
    "hologramLines": [
      "&c&lPROXIMAMENTE"
    ],
    "refreshSkinDuration": 0,
    "clickActions": [],
    "npcEquip": {},
    "npcFunctions": {
      "holo": true
    },
    "customizationMap": {}
  }
]