{
  "language.name": "English",
  "language.region": "United States",
  "language.code": "en_us",
  "version": "35",
  "command.cancel": "cancel",
  "command.clear_all_data": "clear_all_data",
  "command.create_test_data": "create_test_data",
  "command.debug": "debug",
  "command.expired": "expired",
  "command.help": "",
  "command.list": "list",
  "command.menu": "menu",
  "command.purge": "purge",
  "command.reload": "reload",
  "command.return": "return",
  "command.search": "search",
  "command.sell": "sell",
  "command.selling": "selling",
  "command.show": "show",
  "command.sold": "sold",
  "command.ulist": "ulist",
  "discord.prefix": ":shopping_cart: ",
  "discord.sell.player.item_sold": "**{0} sold {1}x &7{2} to {3} for ${4} on the auction house!**",
  "discord.sell.player.listed_item": "**{0} listed {1}x {2} for ${3} on the auction house!**",
  "duration.days": "d",
  "duration.hours": "h",
  "duration.minutes": "m",
  "duration.now": "now",
  "duration.seconds": "s",
    "message.active_listings.click": "&aHaz clic para comprar.",
  "message.active_listings.howto.desc1": "&#A2B9AAPara vender un ítem, usa el siguiente",
  "message.active_listings.howto.desc2": "&#A2B9AAcomando: &a/ah sell [precio].",
  "message.active_listings.info.desc1": "&#A2B9AAEsta es la casa de subastas. Aquí puedes",
  "message.active_listings.info.desc2": "&#A2B9AAponer ítems en venta y comprar ítems",
  "message.active_listings.info.desc3": "&#A2B9AAque otros jugadores han puesto en venta.",
  "message.active_listings.info.desc4": "&#A2B9AALa subasta también es una excelente manera de",
  "message.active_listings.info.desc5": "&#A2B9AAganar dinero vendiendo ítems que otros jugadores",
  "message.active_listings.info.desc6": "&#A2B9AApuedan estar interesados en comprar.",
  "message.active_listings.shift_left_click": "&cShift-Clic Izquierdo para cancelar el ítem.",
  "message.active_listings.shift_right_click": "&cShift-Clic Derecho para expirar el ítem.",
  "message.active_listings.spacing.bottom": " ",
  "message.active_listings.spacing.top": " ",
  "message.active_listings.title": "&8&lSUBASTAS",
  "message.active_listings.unaffordable": "&6No puedes permitirte este ítem.",
  "message.active_listings.unavailable": "&cNo puedes comprar este ítem.",
  "message.cancel.admin": "&7[&#11EF17&lF&#30E525&lR&#4FDC34&lI&#6ED242&lE&#95DA7A&lN&#BCE1B2&lD&#E3E9EA&lS &#A2B9AA&lL&#81A08A&lA&#61886A&lN&#40704A&lD&7] &e{0} &7ha cancelado tu subasta de &e{1}x &7{2}!",
  "message.cancel.success": "&7[&#11EF17&lF&#30E525&lR&#4FDC34&lI&#6ED242&lE&#95DA7A&lN&#BCE1B2&lD&#E3E9EA&lS &#A2B9AA&lL&#81A08A&lA&#61886A&lN&#40704A&lD&7] &7Has cancelado tu subasta de &e{1}x &7{2}!",
  "message.cancel.success.other": "&7[&#11EF17&lF&#30E525&lR&#4FDC34&lI&#6ED242&lE&#95DA7A&lN&#BCE1B2&lD&#E3E9EA&lS &#A2B9AA&lL&#81A08A&lA&#61886A&lN&#40704A&lD&7] &7Has cancelado la subasta de &e{0}&7 de &e{1}x &7{2}!",
  "message.cancel_all.none": "&7[&#11EF17&lF&#30E525&lR&#4FDC34&lI&#6ED242&lE&#95DA7A&lN&#BCE1B2&lD&#E3E9EA&lS &#A2B9AA&lL&#81A08A&lA&#61886A&lN&#40704A&lD&7] &7No tienes subastas activas.",
  "message.cancel_all.success": "&7[&#11EF17&lF&#30E525&lR&#4FDC34&lI&#6ED242&lE&#95DA7A&lN&#BCE1B2&lD&#E3E9EA&lS &#A2B9AA&lL&#81A08A&lA&#61886A&lN&#40704A&lD&7] &7Has cancelado todas tus subastas.",
  "message.command.reloaded": "&7[&#11EF17&lF&#30E525&lR&#4FDC34&lI&#6ED242&lE&#95DA7A&lN&#BCE1B2&lD&#E3E9EA&lS &#A2B9AA&lL&#81A08A&lA&#61886A&lN&#40704A&lD&7] &7Casa de Subastas recargada",
  "message.config.reload": "&7[&#11EF17&lF&#30E525&lR&#4FDC34&lI&#6ED242&lE&#95DA7A&lN&#BCE1B2&lD&#E3E9EA&lS &#A2B9AA&lL&#81A08A&lA&#61886A&lN&#40704A&lD&7] &7Recargando configuración",
  "message.confirm_listing.title": "&7[&#11EF17&lF&#30E525&lR&#4FDC34&lI&#6ED242&lE&#95DA7A&lN&#BCE1B2&lD&#E3E9EA&lS &#A2B9AA&lL&#81A08A&lA&#61886A&lN&#40704A&lD&7] ¿Pagar ${0} de tarifa de ventas?",
  "message.current_balance": "&9Saldo actual: &e${0}",
  "message.debug": "&7depuración establecida en &e{0}",
  "message.expired_listings.button.desc1": "&#A2B9AAHaz clic aquí para ver los items",
  "message.expired_listings.button.desc2": "&#A2B9AAque hayan expirado.",
  "message.expired_listings.button.title": "&2&lOBJETOS EXPIRADOS",
  "message.expired_listings.click": "&aHaz clic aquí para regresar a ti.",
  "message.expired_listings.info.desc1": "&#A2B9AAEsta página muestra todos tus ítems expirados.",
  "message.expired_listings.info.desc2": "&#A2B9AACuando un objeto expira, puedes regresar",
  "message.expired_listings.info.desc3": "&#A2B9AAese ítem a tu inventario desde este menú.",
  "message.expired_listings.notice1": "&7Tienes ítems expirados en la Casa de Subastas.",
  "message.expired_listings.notice2": "&7Usa \"&6/ah return&7\" para regresar tus ítems expirados.",
  "message.expired_listings.return.desc1": "&aHaz clic aquí para regresar todos los",
  "message.expired_listings.return.desc2": "&aítems expirados a tu inventario.",
  "message.expired_listings.spacing.bottom": "",
  "message.expired_listings.spacing.top": "",
  "message.expired_listings.title": "&c&lOBJETOS EXPIRADOS",
  "message.help.ah": "&6/ah &8- &7Abre la casa de subastas.",
  "message.help.ah_cancel": "&6/ah cancelar &8- &7Cancela todas tus subastas.",
  "message.help.ah_expired": "&6/ah expirados &8- &7Ver tus ítems expirados para regresar.",
  "message.help.ah_list": "&6/ah listar <precio> [cantidad] &8- &7Lista un ítem en la casa de subastas como servidor. &4(OP)",
  "message.help.ah_menu": "&6/ah menú [jugador] &8- &7Abre el menú de la casa de subastas para un jugador con botón de salida. &4(OP)",
  "message.help.ah_purge": "&6/ah limpiar <jugador> &8- &7Limpia todos los listados de un jugador. &4(OP)",
  "message.help.ah_reload": "&6/ah recargar &8- &7Recarga la configuración del plugin. &4(OP)",
  "message.help.ah_return": "&6/ah regresar &8- &7Devuelve todos tus ítems expirados.",
  "message.help.ah_search": "&6/ah buscar <filtro> &8- &7Ver ítems filtrados en la casa de subastas.",
  "message.help.ah_sell": "&6/ah vender <precio> [cantidad] &8- &7Vende el ítem que tienes en la mano.",
  "message.help.ah_selling": "&6/ah vendiendo &8- &7Ver los ítems que estás vendiendo.",
  "message.help.ah_show": "&6/ah mostrar [jugador] &8- &7Abre el menú de la casa de subastas para un jugador. &4(OP)",
  "message.help.ah_sold": "&6/ah vendidos &8- &7Ver los ítems que has vendido.",
  "message.help.ah_ulist": "&6/ah ulist <precio> [cantidad] &8- &7Lista un artículo en la casa de subastas del servidor con compras ilimitadas. &4(OP)",
  "message.listing.balance.key": "Saldo Actual:",
  "message.listing.balance.value": "&7\n&2Tu dinero: &a{0}",
  "message.listing.buyer.key": "Comprador:",
  "message.listing.buyer.value": "&9Comprador: &e{0}",
  "message.listing.expire.key": "Expira:",
  "message.listing.expire.value": "&9Expira: &e{0}",
  "message.listing.fee.value": "&9Tarifa de ventas: &e${0}",
  "message.listing.horizontal.rule.bottom": "&#A2B9AA&m                                              ",
  "message.listing.horizontal.rule.top": "&#A2B9AA&m                                             ",
  "message.listing.item_expired": "&c¡Artículo Expirado!",
  "message.listing.listings.key": "En venta:",
  "message.listing.listings.value": "&9En venta: &e{0}",
  "message.listing.order.highest_price": "Precio más Alto Primero",
  "message.listing.order.lowest_price": "Precio más Bajo Primero",
  "message.listing.order.newest": "Más nuevos Primero",
  "message.listing.order.oldest": "Más antiguos Primero",
  "message.listing.order.value": "&9Orden: &e{0}",
  "message.listing.price.key": "Precio:",
  "message.listing.price.value": "&9Precio: &e${0}",
  "message.listing.purchased.key": "Comprado:",
  "message.listing.purchased.value": "&9Comprado: &e{0} &eatrás",
  "message.listing.repair_cost": "&8Costo de Reparación: {0}",
  "message.listing.returnable.key": "Devolvible:",
  "message.listing.returnable.value": "&9Devolvible: &e{0}",
  "message.listing.seller.key": "Vendedor:",
  "message.listing.seller.value": "&9Vendedor: &e{0}",
  "message.listing.sold_items.key": "Artículos Vendidos:",
  "message.listing.sold_items.value": "&9Artículos Vendidos: &e{0}",
  "message.log.item_cancelled": "{0} canceló una subasta de {1}x {2}{3} por ${4} en {5}",
  "message.log.item_dropped": "Dejó el item expirado de {0} de {1}x {2}{3} por ${4} a sus pies en {5}",
  "message.log.item_listed": "{0} listó {1}x {2}{3} por ${4} en {5}",
  "message.log.item_purged": "Eliminó el artículo abandonado de {0} de {1}x {2}{3} por ${4} en {5}",
  "message.log.item_returned": "Devolvió {0}x {1}{2} a {3} en {4}",
  "message.log.item_sold": "{0} vendió {1}x {2} a {3}{4} por ${5} en {6}",
  "message.menu.back": "&cVolver",
  "message.menu.cancel": "&cCancelar",
  "message.menu.confirm": "&aConfirmar",
  "message.menu.exit": "&cSalir",
  "message.menu.howto_sell": "&2&l¿CÓMO USAR?",
  "message.menu.info": "&2&lINFORMACIÓN",
  "message.menu.page.next": "&6Siguiente",
  "message.menu.page.previous": "&6Anterior",
  "message.menu.return_all": "&2&lREGRESAR TODO",
  "message.menu.sort_listings": "&6&lLISTA DE ARTÍCULOS",
  "message.menu_item.removed": "¡Eliminado un artículo del menú {0}x {1} [{2}] del inventario de {3}!",
  "message.player_listings.button.desc1": "&#A2B9AAClic aquí para administrar todos los",
  "message.player_listings.button.desc2": "&#A2B9AAartículos que estás vendiendo ahora.",
  "message.player_listings.button.title": "&2&lARTÍCULOS",
  "message.player_listings.click": "&cHaz clic aquí para dejar de vender este artículo.",
  "message.player_listings.info.desc1": "&#A2B9AAEstos son tus objetos actuales, todos los",
  "message.player_listings.info.desc2": "&#A2B9AAartículos que tienes por vender en",
  "message.player_listings.info.desc3": "&#A2B9AAla casa de subastas se muestran aquí.",
  "message.player_listings.info.desc4": "&#A2B9AAPuedes cancelar y ver el tiempo de",
  "message.player_listings.info.desc5": "&#A2B9AAexpiración de tu artículo aquí.",
  "message.player_listings.spacing.bottom": "",
  "message.player_listings.spacing.top": " ",
  "message.player_listings.title": "&2&lEN VENTA &7",
  "message.purchase.after_taxes": " &7después de impuestos",
  "message.purchase.buyer_balance": "",
  "message.purchase.earnings": "&7¡Ganaste &b${0}{1}&7!",
  "message.purchase.notify": "&7{0} &7pagó tu subasta de &e{1}x &7{2}!",
  "message.purchase.seller_balance": "&9Saldo: &a${0}",
  "message.purchase.success": "&7[&#11EF17&lF&#30E525&lR&#4FDC34&lI&#6ED242&lE&#95DA7A&lN&#BCE1B2&lD&#E3E9EA&lS &#A2B9AA&lL&#81A08A&lA&#61886A&lN&#40704A&lD&7] &7Compraste &e{0}x &7{1} &7por &c${2}&7!",
  "message.purchase_item.title": "Comprar Artículo",
  "message.purge.listings": "Eliminados {0} listados por {1}.",
  "message.return.success": "&7[&#11EF17&lF&#30E525&lR&#4FDC34&lI&#6ED242&lE&#95DA7A&lN&#BCE1B2&lD&#E3E9EA&lS &#A2B9AA&lL&#81A08A&lA&#61886A&lN&#40704A&lD&7] &7Artículo devuelto a tu inventario.",
  "message.return_all.none": "&7[&#11EF17&lF&#30E525&lR&#4FDC34&lI&#6ED242&lE&#95DA7A&lN&#BCE1B2&lD&#E3E9EA&lS &#A2B9AA&lL&#81A08A&lA&#61886A&lN&#40704A&lD&7] &7No tienes artículos para regresar.",
  "message.return_all.success": "&7Artículos devueltos a tu inventario.",
  "message.sell.fee": "&7[&#11EF17&lF&#30E525&lR&#4FDC34&lI&#6ED242&lE&#95DA7A&lN&#BCE1B2&lD&#E3E9EA&lS &#A2B9AA&lL&#81A08A&lA&#61886A&lN&#40704A&lD&7] &7Se cobró una tarifa de &c${0}",
  "message.sell.listed_item": "&7[&#11EF17&lF&#30E525&lR&#4FDC34&lI&#6ED242&lE&#95DA7A&lN&#BCE1B2&lD&#E3E9EA&lS &#A2B9AA&lL&#81A08A&lA&#61886A&lN&#40704A&lD&7] &7Has vendido &e{0}x &7{1} &7por &2${2}!",
  "message.sell.player.item_sold": "&7[&#11EF17&lF&#30E525&lR&#4FDC34&lI&#6ED242&lE&#95DA7A&lN&#BCE1B2&lD&#E3E9EA&lS &#A2B9AA&lL&#81A08A&lA&#61886A&lN&#40704A&lD&7] &e{0} &7vendió &e{1}x &7{2} &7a &e{3} &7por &2${4}!",
  "message.sell.player.listed_item": "&7[&#11EF17&lF&#30E525&lR&#4FDC34&lI&#6ED242&lE&#95DA7A&lN&#BCE1B2&lD&#E3E9EA&lS &#A2B9AA&lL&#81A08A&lA&#61886A&lN&#40704A&lD&7] &e{0} &7vende &e{1}x &7{2} &7por &2${3}!",
  "message.sell.seller_balance": "&9Saldo: &a${0}",
  "message.sold_items.button.desc1": "&aHaz clic aquí para ver los artículos recientes que has",
  "message.sold_items.button.desc2": "&avendido y los detalles.",
  "message.sold_items.button.title": "&2&lOBJETOS VENDIDOS",
  "message.sold_items.clear.button.desc1": "&aHaz clic aquí para borrar todos los artículos vendidos.",
  "message.sold_items.clear.button.desc2": "&c¡Los artículos serán eliminados permanentemente!",
  "message.sold_items.clear.button.title": "&6Borrar Artículos Vendidos",
  "message.sold_items.info.desc1": "&#A2B9AAEstos son tus artículos vendidos recientemente, todos",
  "message.sold_items.info.desc2": "&#A2B9AALos artículos que has vendido recientemente",
  "message.sold_items.info.desc3": "&#A2B9AAse muestran aquí. Puedes ver el comprador",
  "message.sold_items.info.desc4": "&#A2B9AAy el tiempo desde la compra aquí.",
  "message.sold_items.info.desc5": "",
  "message.sold_items.spacing.bottom": "",
  "message.sold_items.spacing.top": "",
  "message.sold_items.title": "&6&lOBJETOS VENDIDOS",
  "parameter.count": "count",
  "parameter.keyword": "keyword",
  "parameter.player": "player",
  "parameter.price": "price",
  "server.name": "Server",
  "value.false": "false",
  "value.true": "true",
  "warning.cancel.failed": "&7[&#11EF17&lF&#30E525&lR&#4FDC34&lI&#6ED242&lE&#95DA7A&lN&#BCE1B2&lD&#E3E9EA&lS &#A2B9AA&lL&#81A08A&lA&#61886A&lN&#40704A&lD&7] &c¡No se pudo cancelar la subasta!",
  "warning.cancel_all.failed": "&7[&#11EF17&lF&#30E525&lR&#4FDC34&lI&#6ED242&lE&#95DA7A&lN&#BCE1B2&lD&#E3E9EA&lS &#A2B9AA&lL&#81A08A&lA&#61886A&lN&#40704A&lD&7] &cUna o más subastas no pudieron ser canceladas.",
  "warning.command.console_only": "&7[&#11EF17&lF&#30E525&lR&#4FDC34&lI&#6ED242&lE&#95DA7A&lN&#BCE1B2&lD&#E3E9EA&lS &#A2B9AA&lL&#81A08A&lA&#61886A&lN&#40704A&lD&7] &c¡Este comando solo se puede ejecutar desde la consola!",
  "warning.command.deny": "&7[&#11EF17&lF&#30E525&lR&#4FDC34&lI&#6ED242&lE&#95DA7A&lN&#BCE1B2&lD&#E3E9EA&lS &#A2B9AA&lL&#81A08A&lA&#61886A&lN&#40704A&lD&7] &cEste comando debe ser ejecutado por un jugador o desde la consola.",
  "warning.command.disabled_world": "&7[&#11EF17&lF&#30E525&lR&#4FDC34&lI&#6ED242&lE&#95DA7A&lN&#BCE1B2&lD&#E3E9EA&lS &#A2B9AA&lL&#81A08A&lA&#61886A&lN&#40704A&lD&7] &c¡Este comando está desactivado en este mundo!",
  "warning.command.in_progress": "&7[&#11EF17&lF&#30E525&lR&#4FDC34&lI&#6ED242&lE&#95DA7A&lN&#BCE1B2&lD&#E3E9EA&lS &#A2B9AA&lL&#81A08A&lA&#61886A&lN&#40704A&lD&7] &cOtra lista está en progreso, ¡por favor intenta de nuevo!",
  "warning.command.invalid_count": "&7[&#11EF17&lF&#30E525&lR&#4FDC34&lI&#6ED242&lE&#95DA7A&lN&#BCE1B2&lD&#E3E9EA&lS &#A2B9AA&lL&#81A08A&lA&#61886A&lN&#40704A&lD&7] &c¡Cantidad inválida!\n&7Uso: &6{0}",
  "warning.command.invalid_player": "&7[&#11EF17&lF&#30E525&lR&#4FDC34&lI&#6ED242&lE&#95DA7A&lN&#BCE1B2&lD&#E3E9EA&lS &#A2B9AA&lL&#81A08A&lA&#61886A&lN&#40704A&lD&7] &c¡Jugador inválido!\n&7Uso: &6{0}",
  "warning.command.invalid_price": "&7[&#11EF17&lF&#30E525&lR&#4FDC34&lI&#6ED242&lE&#95DA7A&lN&#BCE1B2&lD&#E3E9EA&lS &#A2B9AA&lL&#81A08A&lA&#61886A&lN&#40704A&lD&7] &c¡Precio inválido!\n&7Uso: &6{0}",
  "warning.command.invalid_syntax": "&7[&#11EF17&lF&#30E525&lR&#4FDC34&lI&#6ED242&lE&#95DA7A&lN&#BCE1B2&lD&#E3E9EA&lS &#A2B9AA&lL&#81A08A&lA&#61886A&lN&#40704A&lD&7] &c¡Sintaxis del comando inválida!\n&7Uso: &6{0}",
  "warning.command.player_only": "&7[&#11EF17&lF&#30E525&lR&#4FDC34&lI&#6ED242&lE&#95DA7A&lN&#BCE1B2&lD&#E3E9EA&lS &#A2B9AA&lL&#81A08A&lA&#61886A&lN&#40704A&lD&7] ¡Este comando solo puede ser ejecutado por un jugador!",
  "warning.command.sleeping": "&7[&#11EF17&lF&#30E525&lR&#4FDC34&lI&#6ED242&lE&#95DA7A&lN&#BCE1B2&lD&#E3E9EA&lS &#A2B9AA&lL&#81A08A&lA&#61886A&lN&#40704A&lD&7] &c¡No puedes ejecutar este comando mientras estás durmiendo!",
  "warning.command.unknown": "&7[&#11EF17&lF&#30E525&lR&#4FDC34&lI&#6ED242&lE&#95DA7A&lN&#BCE1B2&lD&#E3E9EA&lS &#A2B9AA&lL&#81A08A&lA&#61886A&lN&#40704A&lD&7] &7Comando desconocido.",
  "warning.expired_listings.return.none": "&7[&#11EF17&lF&#30E525&lR&#4FDC34&lI&#6ED242&lE&#95DA7A&lN&#BCE1B2&lD&#E3E9EA&lS &#A2B9AA&lL&#81A08A&lA&#61886A&lN&#40704A&lD&7] &cNo tienes artículos para regresar.",
  "warning.listing.cooldown": "&7[&#11EF17&lF&#30E525&lR&#4FDC34&lI&#6ED242&lE&#95DA7A&lN&#BCE1B2&lD&#E3E9EA&lS &#A2B9AA&lL&#81A08A&lA&#61886A&lN&#40704A&lD&7] &cDebes esperar &e{0} &cantes de usar de nuevo.",
  "warning.listing.expired": "",
  "warning.permission.deny": "&7[&#11EF17&lF&#30E525&lR&#4FDC34&lI&#6ED242&lE&#95DA7A&lN&#BCE1B2&lD&#E3E9EA&lS &#A2B9AA&lL&#81A08A&lA&#61886A&lN&#40704A&lD&7] &cNo tienes permiso para usar esto.",
  "warning.player.no_inventory": "&7[&#11EF17&lF&#30E525&lR&#4FDC34&lI&#6ED242&lE&#95DA7A&lN&#BCE1B2&lD&#E3E9EA&lS &#A2B9AA&lL&#81A08A&lA&#61886A&lN&#40704A&lD&7] &cNo tienes suficiente espacio en el inventario.",
  "warning.player_listings.none": "&7[&#11EF17&lF&#30E525&lR&#4FDC34&lI&#6ED242&lE&#95DA7A&lN&#BCE1B2&lD&#E3E9EA&lS &#A2B9AA&lL&#81A08A&lA&#61886A&lN&#40704A&lD&7] &cNo tienes artículos en venta.",
  "warning.purchase.creative": "&7[&#11EF17&lF&#30E525&lR&#4FDC34&lI&#6ED242&lE&#95DA7A&lN&#BCE1B2&lD&#E3E9EA&lS &#A2B9AA&lL&#81A08A&lA&#61886A&lN&#40704A&lD&7] &cNo puedes comprar artículos mientras estás en creativo.",
  "warning.purchase.insufficient_funds": "&7[&#11EF17&lF&#30E525&lR&#4FDC34&lI&#6ED242&lE&#95DA7A&lN&#BCE1B2&lD&#E3E9EA&lS &#A2B9AA&lL&#81A08A&lA&#61886A&lN&#40704A&lD&7] &cNo puedes comprar este artículo te falta dinero.",
  "warning.purchase.own_item": "&7[&#11EF17&lF&#30E525&lR&#4FDC34&lI&#6ED242&lE&#95DA7A&lN&#BCE1B2&lD&#E3E9EA&lS &#A2B9AA&lL&#81A08A&lA&#61886A&lN&#40704A&lD&7] &cNo puedes comprar tu propio artículo.",
  "warning.purchase.problem": "&7[&#11EF17&lF&#30E525&lR&#4FDC34&lI&#6ED242&lE&#95DA7A&lN&#BCE1B2&lD&#E3E9EA&lS &#A2B9AA&lL&#81A08A&lA&#61886A&lN&#40704A&lD&7] &cHubo un problema al pagar, ¡por favor intenta de nuevo!",
  "warning.purchase.spectator": "&7[&#11EF17&lF&#30E525&lR&#4FDC34&lI&#6ED242&lE&#95DA7A&lN&#BCE1B2&lD&#E3E9EA&lS &#A2B9AA&lL&#81A08A&lA&#61886A&lN&#40704A&lD&7] &cNo puedes comprar artículos mientras estás en espectador.",
  "warning.return.no_inventory": "&7[&#11EF17&lF&#30E525&lR&#4FDC34&lI&#6ED242&lE&#95DA7A&lN&#BCE1B2&lD&#E3E9EA&lS &#A2B9AA&lL&#81A08A&lA&#61886A&lN&#40704A&lD&7] &cInventario lleno, el artículo se soltará.",
  "warning.return.not_cancelled": "&7[&#11EF17&lF&#30E525&lR&#4FDC34&lI&#6ED242&lE&#95DA7A&lN&#BCE1B2&lD&#E3E9EA&lS &#A2B9AA&lL&#81A08A&lA&#61886A&lN&#40704A&lD&7] &cEste artículo no está cancelado.",
  "warning.return.problem": "&7[&#11EF17&lF&#30E525&lR&#4FDC34&lI&#6ED242&lE&#95DA7A&lN&#BCE1B2&lD&#E3E9EA&lS &#A2B9AA&lL&#81A08A&lA&#61886A&lN&#40704A&lD&7] &cNo se pudo regresar el artículo.",
  "warning.return_all.failed": "&7[&#11EF17&lF&#30E525&lR&#4FDC34&lI&#6ED242&lE&#95DA7A&lN&#BCE1B2&lD&#E3E9EA&lS &#A2B9AA&lL&#81A08A&lA&#61886A&lN&#40704A&lD&7] &cNo se pudieron regresar todos los artículos.",
  "warning.return_all.no_inventory": "&7[&#11EF17&lF&#30E525&lR&#4FDC34&lI&#6ED242&lE&#95DA7A&lN&#BCE1B2&lD&#E3E9EA&lS &#A2B9AA&lL&#81A08A&lA&#61886A&lN&#40704A&lD&7] &cInventario lleno, soltando los artículos.",
  "warning.returnable.none": "&7\n&cNo tienes artículos expirados.",
  "warning.sell.creative": "&7[&#11EF17&lF&#30E525&lR&#4FDC34&lI&#6ED242&lE&#95DA7A&lN&#BCE1B2&lD&#E3E9EA&lS &#A2B9AA&lL&#81A08A&lA&#61886A&lN&#40704A&lD&7] &cNo puedes vender artículos mientras estás en creativo.",
  "warning.sell.damaged_item": "&7[&#11EF17&lF&#30E525&lR&#4FDC34&lI&#6ED242&lE&#95DA7A&lN&#BCE1B2&lD&#E3E9EA&lS &#A2B9AA&lL&#81A08A&lA&#61886A&lN&#40704A&lD&7] &c¡Los artículos dañados no se pueden vender!",
  "warning.sell.filled_container": "&7[&#11EF17&lF&#30E525&lR&#4FDC34&lI&#6ED242&lE&#95DA7A&lN&#BCE1B2&lD&#E3E9EA&lS &#A2B9AA&lL&#81A08A&lA&#61886A&lN&#40704A&lD&7] &cNo se te permite vender contenedores llenos.",
  "warning.sell.insufficient_funds": "&7[&#11EF17&lF&#30E525&lR&#4FDC34&lI&#6ED242&lE&#95DA7A&lN&#BCE1B2&lD&#E3E9EA&lS &#A2B9AA&lL&#81A08A&lA&#61886A&lN&#40704A&lD&7] &cNo tienes suficiente dinero para listar la subasta.",
  "warning.sell.invalid_amount": "&7[&#11EF17&lF&#30E525&lR&#4FDC34&lI&#6ED242&lE&#95DA7A&lN&#BCE1B2&lD&#E3E9EA&lS &#A2B9AA&lL&#81A08A&lA&#61886A&lN&#40704A&lD&7] &cNo tienes esa cantidad en mano.",
  "warning.sell.max_listings": "&7[&#11EF17&lF&#30E525&lR&#4FDC34&lI&#6ED242&lE&#95DA7A&lN&#BCE1B2&lD&#E3E9EA&lS &#A2B9AA&lL&#81A08A&lA&#61886A&lN&#40704A&lD&7] &cNo puedes listar más de &2{0} &cartículos a la vez.",
  "warning.sell.max_price": "&7[&#11EF17&lF&#30E525&lR&#4FDC34&lI&#6ED242&lE&#95DA7A&lN&#BCE1B2&lD&#E3E9EA&lS &#A2B9AA&lL&#81A08A&lA&#61886A&lN&#40704A&lD&7] &cNo puedes listar un artículo con un precio mayor a &2${0}",
  "warning.sell.min_price": "&7[&#11EF17&lF&#30E525&lR&#4FDC34&lI&#6ED242&lE&#95DA7A&lN&#BCE1B2&lD&#E3E9EA&lS &#A2B9AA&lL&#81A08A&lA&#61886A&lN&#40704A&lD&7] &cNo puedes listar un artículo con un precio menor a &2${0}",
  "warning.sell.negative_price": "&7[&#11EF17&lF&#30E525&lR&#4FDC34&lI&#6ED242&lE&#95DA7A&lN&#BCE1B2&lD&#E3E9EA&lS &#A2B9AA&lL&#81A08A&lA&#61886A&lN&#40704A&lD&7] &c¿No te gusta ganar dinero?",
  "warning.sell.no_item": "&7[&#11EF17&lF&#30E525&lR&#4FDC34&lI&#6ED242&lE&#95DA7A&lN&#BCE1B2&lD&#E3E9EA&lS &#A2B9AA&lL&#81A08A&lA&#61886A&lN&#40704A&lD&7] &cNo estás sosteniendo un artículo en tu mano.",
  "warning.sell.restricted_item": "&7[&#11EF17&lF&#30E525&lR&#4FDC34&lI&#6ED242&lE&#95DA7A&lN&#BCE1B2&lD&#E3E9EA&lS &#A2B9AA&lL&#81A08A&lA&#61886A&lN&#40704A&lD&7] &c¡Ese artículo no está permitido!",
  "warning.sell.spectator": "&7[&#11EF17&lF&#30E525&lR&#4FDC34&lI&#6ED242&lE&#95DA7A&lN&#BCE1B2&lD&#E3E9EA&lS &#A2B9AA&lL&#81A08A&lA&#61886A&lN&#40704A&lD&7] &cNo puedes vender artículos mientras estás en espectador.",
  "warning.sell.unavailable": "&7[&#11EF17&lF&#30E525&lR&#4FDC34&lI&#6ED242&lE&#95DA7A&lN&#BCE1B2&lD&#E3E9EA&lS &#A2B9AA&lL&#81A08A&lA&#61886A&lN&#40704A&lD&7] &cNo estás permitido para vender artículos.",
  "warning.sell.unknown": "&7[&#11EF17&lF&#30E525&lR&#4FDC34&lI&#6ED242&lE&#95DA7A&lN&#BCE1B2&lD&#E3E9EA&lS &#A2B9AA&lL&#81A08A&lA&#61886A&lN&#40704A&lD&7] &cOcurrió un error desconocido mientras se listaba el artículo y ha sido registrado.",
  "warning.sold_items.cleared": "&7[&#11EF17&lF&#30E525&lR&#4FDC34&lI&#6ED242&lE&#95DA7A&lN&#BCE1B2&lD&#E3E9EA&lS &#A2B9AA&lL&#81A08A&lA&#61886A&lN&#40704A&lD&7] &cHas eliminado todos tus artículos vendidos.",
  "warning.sold_items.none": "&cNo has vendido ningún artículo recientemente.",
  "warning.unclaimed_listings.notice": "&7[&#11EF17&lF&#30E525&lR&#4FDC34&lI&#6ED242&lE&#95DA7A&lN&#BCE1B2&lD&#E3E9EA&lS &#A2B9AA&lL&#81A08A&lA&#61886A&lN&#40704A&lD&7] &c¡Los artículos no reclamados fueron devueltos a ti!"
}

