{"stats":{"minecraft:used":{"minecraft:pumpkin":2},"minecraft:dropped":{"minecraft:wheat_seeds":1},"minecraft:picked_up":{"minecraft:pumpkin":2,"minecraft:wheat_seeds":1},"minecraft:mined":{"minecraft:grass":1,"minecraft:pumpkin":2},"minecraft:custom":{"minecraft:jump":31,"minecraft:time_since_rest":2245,"minecraft:crouch_one_cm":398,"minecraft:play_time":2245,"minecraft:leave_game":2,"minecraft:sprint_one_cm":3206,"minecraft:time_since_death":2245,"minecraft:walk_one_cm":1622,"minecraft:sneak_time":56,"minecraft:total_world_time":2245,"minecraft:drop":1,"minecraft:fall_one_cm":267,"minecraft:fly_one_cm":7297}},"DataVersion":3465}