{"stats":{"minecraft:mined":{"minecraft:birch_leaves":1},"minecraft:custom":{"minecraft:jump":861,"minecraft:time_since_rest":1053,"minecraft:damage_taken":1234,"minecraft:crouch_one_cm":902,"minecraft:leave_game":1,"minecraft:sprint_one_cm":157178,"minecraft:play_time":50796,"minecraft:walk_one_cm":29051,"minecraft:time_since_death":1028,"minecraft:deaths":5,"minecraft:sneak_time":173,"minecraft:total_world_time":50796,"minecraft:fall_one_cm":41071,"minecraft:fly_one_cm":175537},"minecraft:killed_by":{"minecraft:player":4}},"DataVersion":3465}