{"stats":{"minecraft:mined":{"minecraft:birch_leaves":1},"minecraft:custom":{"minecraft:jump":739,"minecraft:time_since_rest":1248,"minecraft:crouch_one_cm":859,"minecraft:deaths":2,"minecraft:sprint_one_cm":138760,"minecraft:play_time":41995,"minecraft:damage_taken":550,"minecraft:time_since_death":0,"minecraft:walk_one_cm":23975,"minecraft:sneak_time":160,"minecraft:total_world_time":41995,"minecraft:fall_one_cm":36023,"minecraft:fly_one_cm":155783},"minecraft:killed_by":{"minecraft:player":1}},"DataVersion":3465}