{"stats":{"minecraft:killed":{"minecraft:spider":1,"minecraft:zombie":1},"minecraft:mined":{"minecraft:dirt":14,"minecraft:spruce_leaves":6,"minecraft:birch_leaves":1,"minecraft:powder_snow":15},"minecraft:dropped":{"minecraft:rotten_flesh":2},"minecraft:used":{"minecraft:netherite_sword":5,"minecraft:diamond_sword":6,"minecraft:dirt":14,"minecraft:zombie_spawn_egg":1},"minecraft:custom":{"minecraft:time_since_rest":3419,"minecraft:crouch_one_cm":1039,"minecraft:play_time":75999,"minecraft:sprint_one_cm":258186,"minecraft:deaths":7,"minecraft:damage_taken":1719,"minecraft:walk_one_cm":45719,"minecraft:sneak_time":309,"minecraft:mob_kills":2,"minecraft:drop":2,"minecraft:jump":1512,"minecraft:damage_dealt":862,"minecraft:leave_game":6,"minecraft:time_since_death":3396,"minecraft:total_world_time":75999,"minecraft:player_kills":2,"minecraft:fall_one_cm":71062,"minecraft:fly_one_cm":497717},"minecraft:picked_up":{"minecraft:zombie_spawn_egg":1,"minecraft:rotten_flesh":4,"minecraft:diamond_sword":2,"minecraft:netherite_sword":1,"minecraft:gunpowder":2,"minecraft:dirt":14},"minecraft:killed_by":{"minecraft:player":5,"minecraft:enderman":1}},"DataVersion":3465}