{"stats":{"minecraft:mined":{"minecraft:birch_leaves":1},"minecraft:custom":{"minecraft:jump":1383,"minecraft:time_since_rest":15803,"minecraft:damage_taken":1234,"minecraft:crouch_one_cm":902,"minecraft:leave_game":2,"minecraft:sprint_one_cm":245268,"minecraft:play_time":65546,"minecraft:walk_one_cm":35505,"minecraft:time_since_death":15778,"minecraft:deaths":5,"minecraft:sneak_time":173,"minecraft:total_world_time":65546,"minecraft:fall_one_cm":68611,"minecraft:fly_one_cm":292275},"minecraft:killed_by":{"minecraft:player":4}},"DataVersion":3465}