{"stats":{"minecraft:used":{"minecraft:dandelion":1},"minecraft:picked_up":{"minecraft:dandelion":1},"minecraft:mined":{"minecraft:dandelion":1},"minecraft:custom":{"minecraft:jump":35,"minecraft:time_since_rest":5429,"minecraft:crouch_one_cm":171,"minecraft:play_time":5429,"minecraft:leave_game":3,"minecraft:sprint_one_cm":6155,"minecraft:time_since_death":5429,"minecraft:walk_one_cm":1541,"minecraft:sneak_time":64,"minecraft:total_world_time":5429,"minecraft:fall_one_cm":476,"minecraft:fly_one_cm":6094}},"DataVersion":3465}