{"stats":{"minecraft:killed":{"minecraft:creeper":1,"minecraft:skeleton":2,"minecraft:pillager":3,"minecraft:zombie":3,"minecraft:camel":2,"minecraft:blaze":1},"minecraft:mined":{"minecraft:clay":2,"minecraft:grass_block":6,"minecraft:tall_grass":1,"minecraft:lime_wool":1,"minecraft:moss_block":1,"minecraft:birch_log":2,"minecraft:birch_leaves":6,"minecraft:peony":3,"minecraft:grass":14,"minecraft:sand":2,"minecraft:oak_leaves":35},"minecraft:dropped":{"minecraft:clay":1,"minecraft:moss_block":1,"minecraft:mossy_cobblestone":1,"minecraft:netherite_sword":1,"minecraft:rotten_flesh":4,"minecraft:grass_block":7,"minecraft:snow":1,"minecraft:dirt":28,"minecraft:peony":1,"minecraft:coal_ore":16,"minecraft:wooden_axe":1,"minecraft:blaze_spawn_egg":1,"minecraft:oak_sapling":4,"minecraft:iron_ore":24,"minecraft:sand":3,"minecraft:arrow":2,"minecraft:podzol":1,"minecraft:bone":2,"minecraft:gold_ore":57},"minecraft:used":{"minecraft:moss_block":5,"minecraft:oak_fence":24,"minecraft:oak_trapdoor":1,"minecraft:purpur_block":33,"minecraft:dark_oak_stairs":17,"minecraft:netherite_sword":21,"minecraft:end_rod":2,"minecraft:cracked_deepslate_bricks":17,"minecraft:spruce_slab":2,"minecraft:lime_wool":55,"minecraft:red_nether_bricks":16,"minecraft:mossy_stone_brick_stairs":4,"minecraft:ender_chest":9,"minecraft:purpur_pillar":9,"minecraft:grass":10,"minecraft:clay":44,"minecraft:cobblestone_slab":37,"minecraft:mossy_stone_brick_slab":9,"minecraft:gold_ore":12,"minecraft:netherrack":40,"minecraft:sculk_sensor":8,"minecraft:large_amethyst_bud":4,"minecraft:oak_leaves":491,"minecraft:white_wool":31,"minecraft:mossy_cobblestone":12,"minecraft:polished_deepslate_slab":27,"minecraft:dark_oak_trapdoor":23,"minecraft:warped_wart_block":11,"minecraft:purpur_stairs":4,"minecraft:dirt":80,"minecraft:sand":247,"minecraft:oak_slab":96,"minecraft:chorus_flower":8,"minecraft:nether_quartz_ore":12,"minecraft:nether_bricks":19,"minecraft:cobblestone_wall":5,"minecraft:camel_spawn_egg":2,"minecraft:ochre_froglight":5,"minecraft:spruce_fence":24,"minecraft:end_stone":94,"minecraft:nether_brick_stairs":11,"minecraft:nether_gold_ore":7,"minecraft:obsidian":53,"minecraft:bat_spawn_egg":1,"minecraft:purple_stained_glass":6,"minecraft:oak_log":214,"minecraft:purple_stained_glass_pane":1,"minecraft:wooden_axe":3,"minecraft:ender_eye":60,"minecraft:diamond_pickaxe":4,"minecraft:coal_ore":51,"minecraft:red_wool":14,"minecraft:grass_block":139,"minecraft:verdant_froglight":8,"minecraft:white_glazed_terracotta":10,"minecraft:dark_oak_slab":3,"minecraft:mossy_cobblestone_slab":25,"minecraft:spruce_trapdoor":1,"minecraft:bamboo_slab":8,"minecraft:gravel":4,"minecraft:yellow_wool":29,"minecraft:soul_lantern":4,"minecraft:blaze_spawn_egg":1,"minecraft:nether_wart_block":10,"minecraft:chiseled_stone_bricks":19,"minecraft:reinforced_deepslate":8,"minecraft:diamond_sword":2,"minecraft:snow":34,"minecraft:crimson_stairs":2,"minecraft:dark_oak_pressure_plate":5,"minecraft:deepslate_tile_stairs":48,"minecraft:podzol":1,"minecraft:birch_log":1,"minecraft:andesite":29,"minecraft:end_portal_frame":62,"minecraft:stripped_oak_log":34,"minecraft:white_concrete":16,"minecraft:chorus_plant":51,"minecraft:smooth_stone":4},"minecraft:custom":{"minecraft:mob_kills":12,"minecraft:leave_game":100,"minecraft:time_since_death":76063,"minecraft:time_since_rest":76083,"minecraft:sprint_one_cm":323084,"minecraft:open_enderchest":15,"minecraft:damage_taken":2715,"minecraft:walk_one_cm":343022,"minecraft:drop":51,"minecraft:damage_dealt":3097,"minecraft:swim_one_cm":2014,"minecraft:fly_one_cm":3194912,"minecraft:open_chest":1,"minecraft:crouch_one_cm":37429,"minecraft:play_time":1837584,"minecraft:deaths":7,"minecraft:sneak_time":17610,"minecraft:walk_under_water_one_cm":4933,"minecraft:jump":4064,"minecraft:walk_on_water_one_cm":923,"minecraft:total_world_time":1837584,"minecraft:fall_one_cm":123127},"minecraft:picked_up":{"minecraft:wooden_axe":2,"minecraft:birch_log":2,"minecraft:blaze_spawn_egg":2,"minecraft:clay_ball":8,"minecraft:purpur_stairs":1,"minecraft:dirt":31,"minecraft:white_banner":1,"minecraft:snow":2,"minecraft:bone":4,"minecraft:chorus_plant":64,"minecraft:wheat_seeds":4,"minecraft:iron_ore":2,"minecraft:rose_bush":2,"minecraft:moss_block":1,"minecraft:lime_wool":1,"minecraft:stick":2,"minecraft:end_stone":1,"minecraft:sand":45,"minecraft:nether_brick_stairs":64,"minecraft:grass_block":3,"minecraft:gold_ore":31,"minecraft:coal_ore":4,"minecraft:arrow":6,"minecraft:rotten_flesh":8,"minecraft:peony":1,"minecraft:oak_sapling":5,"minecraft:chorus_fruit":12,"minecraft:white_wool":1},"minecraft:killed_by":{"minecraft:skeleton":1,"minecraft:spider":1,"minecraft:blaze":1,"minecraft:zombie":1}},"DataVersion":3465}