{"stats":{"minecraft:custom":{"minecraft:jump":230,"minecraft:crouch_one_cm":213,"minecraft:time_since_rest":2187,"minecraft:damage_taken":240,"minecraft:damage_dealt":9,"minecraft:leave_game":2,"minecraft:sprint_one_cm":23019,"minecraft:play_time":8877,"minecraft:walk_one_cm":8702,"minecraft:time_since_death":2159,"minecraft:deaths":1,"minecraft:sneak_time":31,"minecraft:total_world_time":8877,"minecraft:drop":3,"minecraft:fall_one_cm":13623,"minecraft:fly_one_cm":72390},"minecraft:used":{"minecraft:dirt":2},"minecraft:dropped":{"minecraft:wheat_seeds":6},"minecraft:picked_up":{"minecraft:wheat_seeds":6,"minecraft:dirt":2},"minecraft:mined":{"minecraft:tall_grass":5,"minecraft:grass":47,"minecraft:grass_block":2},"minecraft:killed_by":{"minecraft:skeleton":1}},"DataVersion":3465}