{"stats":{"minecraft:used":{"minecraft:dirt":2},"minecraft:killed_by":{"minecraft:skeleton":1},"minecraft:picked_up":{"minecraft:wheat_seeds":6,"minecraft:dirt":2},"minecraft:dropped":{"minecraft:wheat_seeds":6},"minecraft:mined":{"minecraft:grass":49,"minecraft:tall_grass":5,"minecraft:grass_block":2},"minecraft:custom":{"minecraft:jump":306,"minecraft:damage_taken":260,"minecraft:time_since_rest":32187,"minecraft:leave_game":2,"minecraft:damage_dealt":9,"minecraft:crouch_one_cm":213,"minecraft:sprint_one_cm":28319,"minecraft:play_time":38877,"minecraft:walk_one_cm":11411,"minecraft:time_since_death":32159,"minecraft:deaths":1,"minecraft:sneak_time":31,"minecraft:total_world_time":38877,"minecraft:drop":3,"minecraft:fall_one_cm":17856,"minecraft:fly_one_cm":84908}},"DataVersion":3465}