{"stats":{"minecraft:used":{"minecraft:dirt":3,"minecraft:flint_and_steel":3,"minecraft:baked_potato":2},"minecraft:killed_by":{"minecraft:skeleton":1},"minecraft:picked_up":{"minecraft:wheat_seeds":7,"minecraft:dirt":3},"minecraft:dropped":{"minecraft:wheat_seeds":7},"minecraft:mined":{"minecraft:grass":51,"minecraft:grass_block":3,"minecraft:fire":3,"minecraft:tall_grass":5},"minecraft:custom":{"minecraft:time_since_rest":104187,"minecraft:crouch_one_cm":213,"minecraft:play_time":110877,"minecraft:sprint_one_cm":41249,"minecraft:deaths":1,"minecraft:damage_taken":440,"minecraft:walk_one_cm":14475,"minecraft:sneak_time":31,"minecraft:drop":4,"minecraft:jump":527,"minecraft:damage_dealt":9,"minecraft:leave_game":2,"minecraft:time_since_death":104159,"minecraft:total_world_time":110877,"minecraft:fall_one_cm":34501,"minecraft:fly_one_cm":144923}},"DataVersion":3465}