{"stats":{"minecraft:used":{"minecraft:dirt":2},"minecraft:killed_by":{"minecraft:skeleton":1},"minecraft:picked_up":{"minecraft:wheat_seeds":6,"minecraft:dirt":2},"minecraft:dropped":{"minecraft:wheat_seeds":6},"minecraft:mined":{"minecraft:grass":49,"minecraft:tall_grass":5,"minecraft:grass_block":2},"minecraft:custom":{"minecraft:jump":261,"minecraft:damage_taken":260,"minecraft:time_since_rest":14187,"minecraft:leave_game":2,"minecraft:damage_dealt":9,"minecraft:crouch_one_cm":213,"minecraft:sprint_one_cm":24568,"minecraft:play_time":20877,"minecraft:walk_one_cm":10063,"minecraft:time_since_death":14159,"minecraft:deaths":1,"minecraft:sneak_time":31,"minecraft:total_world_time":20877,"minecraft:drop":3,"minecraft:fall_one_cm":15072,"minecraft:fly_one_cm":76010}},"DataVersion":3465}