{
  "minecraft:recipes/decorations/crafting_table": {
    "criteria": {
      "unlock_right_away": "2024-09-16 01:48:34 +0000"
    },
    "done": true
  },
  "minecraft:adventure/adventuring_time": {
    "criteria": {
      "minecraft:dripstone_caves": "2024-09-16 01:48:35 +0000",
      "minecraft:jagged_peaks": "2024-09-16 02:32:06 +0000",
      "minecraft:forest": "2024-09-16 01:48:57 +0000",
      "minecraft:old_growth_spruce_taiga": "2024-09-16 02:24:27 +0000",
      "minecraft:meadow": "2024-09-16 01:53:50 +0000",
      "minecraft:plains": "2024-09-16 01:52:47 +0000"
    },
    "done": false
  },
  "minecraft:adventure/avoid_vibration": {
    "criteria": {
      "avoid_vibration": "2024-09-16 01:56:38 +0000"
    },
    "done": true
  },
  "minecraft:adventure/root": {
    "criteria": {
      "killed_by_something": "2024-09-16 02:22:31 +0000"
    },
    "done": true
  },
  "DataVersion": 3465
}