{
  "minecraft:recipes/decorations/crafting_table": {
    "criteria": {
      "unlock_right_away": "2024-09-16 01:48:34 +0000"
    },
    "done": true
  },
  "minecraft:adventure/adventuring_time": {
    "criteria": {
      "minecraft:taiga": "2024-09-16 02:58:21 +0000",
      "minecraft:river": "2024-09-16 02:58:32 +0000",
      "minecraft:dripstone_caves": "2024-09-16 01:48:35 +0000",
      "minecraft:grove": "2024-09-16 02:51:27 +0000",
      "minecraft:jagged_peaks": "2024-09-16 02:32:06 +0000",
      "minecraft:forest": "2024-09-16 01:48:57 +0000",
      "minecraft:old_growth_spruce_taiga": "2024-09-16 02:24:27 +0000",
      "minecraft:meadow": "2024-09-16 01:53:50 +0000",
      "minecraft:plains": "2024-09-16 01:52:47 +0000"
    },
    "done": false
  },
  "minecraft:adventure/avoid_vibration": {
    "criteria": {
      "avoid_vibration": "2024-09-16 01:56:38 +0000"
    },
    "done": true
  },
  "minecraft:adventure/root": {
    "criteria": {
      "killed_by_something": "2024-09-16 02:22:31 +0000"
    },
    "done": true
  },
  "minecraft:adventure/kill_all_mobs": {
    "criteria": {
      "minecraft:spider": "2024-09-16 02:57:55 +0000",
      "minecraft:zombie": "2024-09-16 02:50:50 +0000"
    },
    "done": false
  },
  "minecraft:adventure/kill_a_mob": {
    "criteria": {
      "minecraft:zombie": "2024-09-16 02:50:50 +0000"
    },
    "done": true
  },
  "minecraft:recipes/misc/firework_rocket_simple": {
    "criteria": {
      "has_gunpowder": "2024-09-16 02:56:30 +0000"
    },
    "done": true
  },
  "minecraft:recipes/redstone/tnt": {
    "criteria": {
      "has_gunpowder": "2024-09-16 02:56:30 +0000"
    },
    "done": true
  },
  "DataVersion": 3465
}