{
  "minecraft:recipes/decorations/crafting_table": {
    "criteria": {
      "unlock_right_away": "2024-09-15 21:49:42 +0000"
    },
    "done": true
  },
  "minecraft:adventure/adventuring_time": {
    "criteria": {
      "minecraft:dripstone_caves": "2024-09-15 21:49:43 +0000",
      "minecraft:forest": "2024-09-15 21:49:59 +0000",
      "minecraft:plains": "2024-09-15 21:50:31 +0000"
    },
    "done": false
  },
  "minecraft:recipes/misc/yellow_dye_from_dandelion": {
    "criteria": {
      "has_dandelion": "2024-09-15 21:51:16 +0000"
    },
    "done": true
  },
  "DataVersion": 3465
}